name,work,image
アジラフェル,Good Omens,images/aziraphale.png
ウィリアム・マスターズ,Masters of Sex,images/william-masters.png
マーティン・ウィットリー,Prodigal Son,images/martin-whitly.png
マイケル,Staged,images/michael-staged.png
トニー・ブレア,The Deal / The Queen / The Special Relationship,images/tony-blair.png
デヴィッド・フロスト,Frost/Nixon,images/david-frost.png
ブライアン・クラフ,The Damned United,images/brian-clough.png
ルシアン,Underworldシリーズ,images/lucian.png
アロ,The Twilight Saga,images/aro.png
キャスター／ズース,TRON: Legacy,images/castor-zuse.png
アーサー,Passengers,images/arthur.png
ポール・ベイツ,Midnight in Paris,images/paul-bates.png
ケネス・ウィリアムズ,Kenneth Williams: Fantabulosa!,images/kenneth-williams.png
マーク・ファーネス,Dirty Filthy Love,images/mark-furness.png
ネロ,Ancient Rome: The Rise and Fall of an Empire,images/nero.png
H・G・ウェルズ,H. G. Wells: War with the World,images/hg-wells.png
ウェズリー・スナイプス,30 Rock,images/wesley-snipes.png
ローランド・ブラム,The Good Fight,images/roland-blum.png
クリス・タラント,Quiz,images/chris-tarrant.png
アンドリュー,Best Interests,images/andrew-best-interests.png
アンドルー王子,A Very Royal Scandal,images/prince-andrew.png
デニー・ドリスコル,The Way,images/denny-driscoll.png
ポール,The Sandman,images/paul-sandman.png
デヴィッド・シャーボーン,Vardy v Rooney: A Courtroom Drama,images/david-sherborne.png
マルコム・ハウ,Apostle,images/malcolm-howe.png
ウィリアム・ボールドウッド,Far from the Madding Crowd,images/william-boldwood.png
カルロス,Nocturnal Animals,images/carlos.png
フィリップ・コーエン,Norman,images/philip-cohen.png
オースティン,Home Again,images/austen.png
クレイグ・フィッシャー,Brad's Status,images/craig-fisher.png
ブレア・マッドフライ,Dolittle,images/blair-mudfly.png
トニー・タワーズ,Last Train to Christmas,images/tony-towers.png
ロビー・ロス,Wilde,images/robbie-ross.png
マイルズ・メイトランド,Bright Young Things,images/miles-maitland.png
ウィリアム・トレンチ,The Four Feathers,images/william-trench.png
ブラッドショー,Mary Reilly,images/bradshaw.png
コリン,Heartlands,images/colin.png
ソーン・ジャミソン,Laws of Attraction,images/thorne-jamison.png
ルパート・シモンズ,Blood Diamond,images/rupert-simmons.png
アート・ハニーマン,Music Within,images/art-honeyman.png
ユスフ／スティーヴン・アーサー,Unthinkable,images/yusuf-steven-arthur.png
チェット・ハルナー,The Spoils of Babylon,images/chet-halner.png
ケントン・プライス,The Spoils Before Dying,images/kenton-price.png
カスピアン・ウィント,7 Days in Hell,images/caspian-wint.png
デイヴ・エヴァンス,The Green Hollow,images/dave-evans.png
カール・フロッシー,"Michael Bolton's Big, Sexy Valentine's Day Special",images/carl-flossy.png
ポーター,To Provide All People,images/porter.png
アナイリン・ベヴァン,Nye,images/aneurin-bevan.png
